Player,Match,Team ID,Role,Runs Scored,Balls Played,Out,Bat SR,50,100,4s Scored,6s Scored,Bat Dot%,Overs Bowled,Runs Given,Wickets Taken,Econ,Bowl Avg,Bowl SR,5W,4s Given,6s Given,Bowl Dot%,next_runs,next_balls,next SR,next_overs,next_runs_given,next_wkts,next_runs_ll_95,next_runs_ul_95,next_balls_ll_95,next_balls_ul_95,next_overs_ll_95,next_overs_ul_95,next_runs_given_ll_95,next_runs_given_ul_95,next_wkts_ll_95,next_wkts_ul_95
N Rana,smat2022_131,KKR,Batsman,10,14,1,71.4,0,0,0,0,42.9,3,18,0,6,0,0,0,0,1,27.8,21,15,140,0,6,1,16,25,12,18,0,1,5,7,1,1
RK Singh,smat2022_113,KKR,Batsman,79,47,1,168.1,1,0,7,4,29.8,0,0,0,0,0,0,0,0,0,0,31,17,182.3529412,0,0,0,24,38,12,21,0,0,0,0,0,0
SS Iyer,smat2022_136,KKR,Batsman,34,26,1,130.8,0,0,4,1,38.5,0,0,0,0,0,0,0,0,0,0,22,19,115.7894737,0,0,0,18,27,16,22,0,0,0,0,0,0
Rahmanullah Gurbaz,scl2020_19,KKR,WK,4,3,1,133.3,0,0,1,0,66.7,0,0,0,0,0,0,0,0,0,0,23,15,153.3333333,0,0,0,18,28,13,18,0,0,0,0,0,0
VG Arora,smat2022_136,KKR,Bowler,2,2,0,100,0,0,0,0,0,4,27,3,6.75,9,8,0,0,2,75,0,1,0,0,13,1,0,0,1,1,0,1,10,16,1,2
CV Varun,tnpl2022_29,KKR,Bowler,0,0,0,0,0,0,0,0,0,2.5,16,0,5.65,0,0,0,2,0,52.9,1,1,100,0,19,3,0,2,1,2,0,1,16,21,3,4
C Sakariya,smat2022_133,KKR,Bowler,0,0,0,0,0,0,0,0,0,4,33,4,8.25,8.2,6,0,4,0,62.5,1,2,50,1,18,1,1,2,1,3,0,1,14,21,1,2
MA Starc,ipl2023_03,KKR,Bowler,4,4,1,100,0,0,1,0,75,0,0,0,0,0,0,0,0,0,0,1,2,50,0,0,0,1,2,1,4,0,0,0,0,0,0
AD Russell,t100m2022_21,KKR,AR,17,17,1,100,0,0,0,2,58.8,3.2,34,1,10.2,34,20,0,4,1,45,18,11,163.6363636,1,22,2,15,21,10,13,1,1,21,24,2,2
SP Narine,t20blast2022_127,KKR,AR,0,1,1,0,0,0,0,0,100,4,26,1,6.5,26,24,0,2,0,25,12,8,150,1,27,4,10,14,7,9,1,1,26,28,4,4
VR Iyer,smat2022_033,KKR,AR,57,35,1,162.9,1,0,5,2,17.1,2,23,1,11.5,23,12,0,3,1,25,4,8,50,1,7,1,1,12,3,12,1,1,4,10,1,1
D Padikkal,smat2021_096,LSG,Batsman,11,10,1,110,0,0,2,0,50,0,0,0,0,0,0,0,0,0,0,25,22,113.6363636,0,0,0,20,30,18,25,0,0,0,0,0,0
A Badoni,smat2022_131,LSG,Batsman,11,15,1,73.3,0,0,0,0,33.3,0,0,0,0,0,0,0,0,0,0,9,8,112.5,0,1,0,3,16,4,12,0,0,1,2,0,0
KL Rahul,ipl2023_43,LSG,WK,0,3,0,0,0,0,0,0,100,0,0,0,0,0,0,0,0,0,0,56,36,155.5555556,0,0,0,49,62,31,40,0,0,0,0,0,0
Q de Kock,t100m2022_31,LSG,WK,8,6,1,133.3,0,0,2,0,66.7,0,0,0,0,0,0,0,0,0,0,35,23,152.173913,0,0,0,31,40,21,26,0,0,0,0,0,0
N Pooran,t20blast2019_023,LSG,WK,43,31,1,138.7,0,0,3,3,38.7,0,0,0,0,0,0,0,0,0,0,19,12,158.3333333,0,0,0,15,22,10,14,0,0,0,0,0,0
MA Wood,t20blast2020_004,LSG,Bowler,6,3,0,200,0,0,1,0,0,4,24,1,6,24,24,0,1,1,41.7,5,2,250,1,3,1,1,8,1,6,1,1,-6,11,1,1
Mohsin Khan,ipl2023_63,LSG,Bowler,0,0,0,0,0,0,0,0,0,3,26,1,8.67,26,18,0,1,2,55.6,2,1,200,1,20,1,1,5,1,3,1,1,15,26,1,1
Ravi Bishnoi,smat2022_061,LSG,Bowler,0,0,0,0,0,0,0,0,0,4,24,3,6,8,8,0,2,0,58.3,0,1,0,0,23,3,0,1,0,1,0,0,21,25,3,4
Yash Thakur,smat2022_135,LSG,Bowler,0,0,0,0,0,0,0,0,0,3,25,0,8.33,0,0,0,4,1,55.6,0,0,0,0,30,4,1,0,1,0,0,1,25,35,3,4
Shivam Mavi,smat2022_113,LSG,Bowler,0,0,0,0,0,0,0,0,0,2,18,0,9,0,0,0,2,1,58.3,0,0,0,1,26,3,1,2,1,2,1,1,22,29,2,3
DJ Hooda,smat2021_2_049,LSG,AR,69,35,0,197.1,1,0,5,5,20,0,0,0,0,0,0,0,0,0,0,39,23,169.5652174,0,2,0,35,43,21,25,0,0,0,4,0,0
KH Pandya,smat2022_108,LSG,AR,31,24,1,129.2,0,0,5,0,33.3,0,0,0,0,0,0,0,0,0,0,14,11,127.2727273,0,20,3,11,17,9,13,0,1,18,22,2,3
MP Stoinis,t20blast2018_127,LSG,AR,0,3,1,0,0,0,0,0,100,3,18,0,6,0,0,0,1,0,44.4,35,21,166.6666667,1,22,2,31,39,18,23,1,1,20,24,2,2
RG Sharma,ipl2023_63,MI,Batsman,37,25,1,148,0,0,1,3,28,0,0,0,0,0,0,0,0,0,0,18,15,120,0,0,0,14,22,12,17,0,0,0,0,0,0
SA Yadav,smat2021_095,MI,Batsman,22,15,1,146.7,0,0,3,0,26.7,0,0,0,0,0,0,0,0,0,0,21,14,150,0,0,0,16,26,11,17,0,0,0,0,0,0
TH David,t20blast2022_133,MI,Batsman,8,11,1,72.7,0,0,0,0,45.5,0,0,0,0,0,0,0,0,0,0,18,11,163.6363636,0,2,0,15,21,10,13,0,0,0,3,0,0
Ishan Kishan,smat2021_081,MI,WK,27,19,1,142.1,0,0,3,1,36.8,0,0,0,0,0,0,0,0,0,0,30,21,142.8571429,0,0,0,25,35,19,24,0,0,0,0,0,0
JJ Bumrah,ipl2022_69,MI,Bowler,0,0,0,0,0,0,0,0,0,4,25,3,6.25,8.3,8,0,0,2,45.8,1,1,100,1,26,4,0,1,0,1,1,1,24,28,3,4
D Madushanka,lpl2022_13,MI,Bowler,7,4,1,175,0,0,0,1,50,3,41,2,13.67,20.5,9,0,5,2,27.8,1,0,0,0,0,1,1,6,1,3,-1,1,-2,2,1,1
HH Pandya,ipl2023_62,MI,AR,8,6,1,133.3,0,0,1,0,33.3,0,0,0,0,0,0,0,0,0,0,18,13,138.4615385,0,4,1,15,21,10,15,0,0,2,7,0,1
NT Tilak Varma,smat2022_051,MI,AR,62,46,1,134.8,1,0,6,2,32.6,1,13,1,13,13,6,0,1,1,33.3,29,22,131.8181818,0,12,1,22,37,17,26,0,1,10,13,1,1
PP Chawla,smat2022_124,MI,AR,10,2,0,500,0,0,1,1,0,4,40,1,10,40,24,0,2,3,41.7,0,1,0,1,29,3,0,0,1,1,1,1,26,31,3,4
G Coetzee,sat20_2023_32,MI,AR,12,17,1,70.6,0,0,0,1,64.7,4,41,0,10.25,0,0,0,2,2,37.5,1,0,0,0,8,1,1,2,1,3,-1,1,2,14,1,1
Mohammad Nabi,t20blast2021_122,MI,AR,8,7,1,114.3,0,0,1,0,28.6,4,23,2,5.75,11.5,12,0,2,0,41.7,15,11,136.3636364,1,22,3,13,16,10,12,1,1,21,23,3,3
S Dhawan,smat2022_131,PBKS,Batsman,37,27,1,137,0,0,7,0,44.4,0,0,0,0,0,0,0,0,0,0,33,24,137.5,0,0,0,27,38,20,27,0,0,0,0,0,0
JM Sharma,smat2022_135,PBKS,WK,46,24,0,191.7,0,0,3,3,16.7,0,0,0,0,0,0,0,0,0,0,10,6,166.6666667,0,0,0,5,14,4,8,0,0,0,0,0,0
Prabhsimran Singh,smat2022_134,PBKS,WK,8,10,1,80,0,0,1,0,60,0,0,0,0,0,0,0,0,0,0,17,13,130.7692308,0,0,0,7,27,8,19,0,0,0,0,0,0
Arshdeep Singh,smat2021_2_071,PBKS,Bowler,0,0,0,0,0,0,0,0,0,4,26,0,6.5,0,0,0,4,0,58.3,0,1,0,1,24,2,0,1,1,1,0,1,21,27,2,3
K Rabada,sat20_2023_29,PBKS,Bowler,0,3,0,0,0,0,0,0,100,3,27,0,9,0,0,0,5,0,38.9,1,1,100,1,31,3,0,3,1,2,1,1,29,33,3,4
RD Chahar,smat2022_061,PBKS,Bowler,8,4,0,200,0,0,0,1,25,3,26,0,8.67,0,0,0,2,1,22.2,5,10,50,1,28,3,4,6,9,11,1,1,26,30,3,4
HV Patel,smat2021_2_060,PBKS,Bowler,26,14,1,185.7,0,0,4,1,35.7,4,30,1,7.5,30,24,0,4,0,45.8,6,4,150,1,28,3,3,8,3,5,1,1,26,31,3,3
LS Livingstone,t20blast2022_056,PBKS,AR,2,6,1,33.3,0,0,0,0,66.7,4,40,1,10,40,24,0,4,2,41.7,26,18,144.4444444,1,16,2,22,30,16,20,1,1,14,18,2,2
A Taide,smat2022_135,PBKS,AR,29,22,1,131.8,0,0,3,1,40.9,0,0,0,0,0,0,0,0,0,0,20,15,133.3333333,0,4,0,9,30,8,21,0,0,-1,8,0,0
SM Curran,t20blast2022_112,PBKS,AR,50,30,1,166.7,1,0,0,5,20,0,0,0,0,0,0,0,0,0,0,8,7,114.2857143,1,20,2,5,12,5,9,1,1,17,22,2,2
Sikandar Raza,psl2023_34,PBKS,AR,1,2,1,50,0,0,0,0,50,0,0,0,0,0,0,0,0,0,0,17,14,121.4285714,0,16,2,13,22,11,16,0,1,13,19,2,2
F du Plessis,t20blast2019_123,RCB,Batsman,32,21,1,152.4,0,0,1,2,9.5,0,0,0,0,0,0,0,0,0,0,30,21,142.8571429,0,0,0,26,34,19,24,0,0,0,0,0,0
V Kohli,ipl2023_65,RCB,Batsman,100,63,1,158.7,0,1,12,4,34.9,0,0,0,0,0,0,0,0,0,0,8,15,53.33333333,0,0,0,3,13,12,19,0,0,0,0,0,0
RM Patidar,smat2022_117,RCB,Batsman,52,32,1,162.5,1,0,5,3,34.4,0,0,0,0,0,0,0,0,0,0,8,7,114.2857143,0,0,0,1,19,1,14,0,0,0,0,0,0
KD Karthik,tnpl2022_20,RCB,WK,21,16,1,131.2,0,0,3,0,31.2,0,0,0,0,0,0,0,0,0,0,18,12,150,0,0,0,14,21,10,14,0,0,0,0,0,0
MJ Dagar,smat2022_136,RCB,Bowler,21,12,0,175,0,0,2,1,25,4,24,2,6,12,12,0,1,1,37.5,0,1,0,1,16,3,0,0,1,2,1,1,14,19,3,4
Mohammed Siraj,ipl2023_65,RCB,Bowler,0,0,0,0,0,0,0,0,0,4,17,1,4.25,17,24,0,2,0,75,2,2,100,1,36,3,1,2,1,3,1,1,34,38,3,4
V Vyshak,smat2022_130,RCB,Bowler,0,0,0,0,0,0,0,0,0,4,46,0,11.5,0,0,0,4,3,25,1,2,50,0,10,1,0,2,0,3,0,0,1,19,0,1
AS Joseph,sat20_2023_22,RCB,Bowler,0,0,0,0,0,0,0,0,0,4,38,0,9.5,0,0,0,4,1,33.3,4,4,100,1,20,3,3,6,3,5,1,1,18,22,3,3
Yash Dayal,smat2022_113,RCB,Bowler,0,0,0,0,0,0,0,0,0,3,28,0,9.33,0,0,0,5,0,61.1,0,0,0,0,13,2,0,0,1,0,-1,0,5,20,2,2
GJ Maxwell,t20blast2019_127,RCB,AR,14,11,1,127.3,0,0,3,0,54.5,4,26,1,6.5,26,24,0,1,0,20.8,27,17,158.8235294,1,11,2,23,31,15,19,0,1,9,12,2,2
Cameron Green,ipl2023_63,RCB,AR,4,6,0,66.7,0,0,0,0,50,2,16,1,8,16,12,0,1,1,41.7,8,6,133.3333333,0,15,2,1,16,1,11,0,1,9,21,1,2
YBK Jaiswal,smat2022_136,RR,Batsman,27,28,1,96.4,0,0,3,1,53.6,0,0,0,0,0,0,0,0,0,0,37,22,168.1818182,0,0,0,29,45,17,26,0,0,0,0,0,0
R Parag,smat2022_117,RR,Batsman,75,41,1,182.9,1,0,7,4,26.8,3,39,0,13,0,0,0,2,3,27.8,14,8,175,1,0,1,9,19,5,12,1,1,-3,3,1,0
SO Hetmyer,psl2021_16,RR,Batsman,7,9,1,77.8,0,0,0,0,33.3,0,0,0,0,0,0,0,0,0,0,22,15,146.6666667,0,0,0,18,25,13,17,0,0,0,0,0,0
R Powell,psl2023_27,RR,Batsman,2,4,1,50,0,0,0,0,50,0,0,0,0,0,0,0,0,0,0,23,15,153.3333333,0,6,0,19,27,13,17,0,0,4,8,0,1
SV Samson,smat2022_127,RR,WK,59,38,1,155.3,1,0,8,0,13.2,0,0,0,0,0,0,0,0,0,0,23,14,164.2857143,0,0,0,18,27,11,16,0,0,0,0,0,0
DC Jurel,ipl2023_60,RR,WK,1,7,1,14.3,0,0,0,0,85.7,0,0,0,0,0,0,0,0,0,0,0,1,0,0,0,0,0,0,1,2,0,0,0,0,0,0
JC Buttler,t20blast2022_110,RR,WK,42,29,1,144.8,0,0,2,3,41.4,0,0,0,0,0,0,0,0,0,0,33,21,157.1428571,0,0,0,29,38,18,24,0,0,0,0,0,0
YS Chahal,smat2021_2_060,RR,Bowler,1,1,0,100,0,0,0,0,0,4,31,1,7.75,31,24,0,1,2,37.5,0,1,0,1,26,4,0,1,1,2,1,1,24,28,3,4
M Prasidh Krishna,smat2021_096,RR,Bowler,1,5,1,20,0,0,0,0,80,3,22,0,7.33,0,0,0,1,2,61.1,1,0,0,1,24,3,1,0,1,0,0,1,21,27,3,3
TA Boult,ssnz2021_30,RR,Bowler,0,0,0,0,0,0,0,0,0,3,40,2,13.33,20,9,0,7,1,27.8,1,1,100,1,21,3,1,2,1,1,1,1,19,22,3,4
R Ashwin,tnpl2022_21,RR,AR,25,29,1,86.2,0,0,2,1,51.7,4,21,1,5.25,21,24,0,0,1,41.7,7,7,100,1,29,3,4,9,5,9,0,1,27,30,3,4
AK Markram,sat20_2023_33,SRH,Batsman,26,19,1,136.8,0,0,2,1,42.1,4,17,1,4.25,17,24,0,1,0,45.8,28,21,133.3333333,0,7,1,23,33,18,25,0,1,4,9,1,1
RA Tripathi,smat2021_2_096,SRH,Batsman,66,45,1,146.7,1,0,5,3,24.4,0,0,0,0,0,0,0,0,0,0,24,16,150,0,0,0,20,29,14,19,0,0,0,0,0,0
MA Agarwal,smat2022_130,SRH,Batsman,8,6,1,133.3,0,0,0,1,50,0,0,0,0,0,0,0,0,0,0,22,15,146.6666667,0,0,0,17,27,12,18,0,0,0,0,0,0
TM Head,t20blast2021_108,SRH,Batsman,5,8,1,62.5,0,0,0,0,37.5,0,0,0,0,0,0,0,0,0,0,31,20,155,0,3,0,25,37,17,24,0,0,1,6,0,0
H Klaasen,sat20_2023_28,SRH,WK,104,44,0,236.4,0,1,10,6,11.4,0,0,0,0,0,0,0,0,0,0,15,10,150,0,1,0,8,21,6,13,0,0,0,2,0,0
B Kumar,ipl2023_65,SRH,Bowler,0,0,0,0,0,0,0,0,0,4,48,1,12,48,24,0,7,2,45.8,1,1,100,1,27,3,1,2,1,2,1,1,25,28,3,4
Umran Malik,smat2021_2_072,SRH,Bowler,0,0,0,0,0,0,0,0,0,4,44,0,11,0,0,0,6,2,41.7,0,0,0,0,23,2,1,2,1,1,0,1,19,27,2,3
PJ Cummins,ipl2022_56,SRH,Bowler,0,2,1,0,0,0,0,0,100,4,22,3,5.5,7.3,8,0,2,0,50,12,7,171.4285714,1,28,3,7,17,4,10,1,1,25,32,3,3
Shahbaz Ahmed,smat2021_2_100,SRH,AR,0,1,1,0,0,0,0,0,100,4,36,1,9,36,24,0,4,1,25,2,4,50,0,17,2,1,5,1,6,0,1,13,21,2,2
Washington Sundar,tnpl2017_32,SRH,AR,14,12,1,116.7,0,0,1,1,58.3,4,39,1,9.75,39,24,0,1,3,33.3,12,8,150,2,20,3,7,17,5,11,1,2,18,23,2,3
T Natarajan,tnpl2019_25,SRH,Bowler,0,0,0,0,0,0,0,0,0,4,15,2,3.75,7.5,12,0,2,0,79.2,0,0,0,1,22,3,1,0,1,1,1,1,19,25,3,4
AM Rahane,smat2022_136,CSK,Batsman,1,5,1,20,0,0,0,0,80,0,0,0,0,0,0,0,0,0,0,25,21,119.047619,0,0,0,20,29,18,24,0,0,0,0,0,0
RD Gaikwad,smat2021_2_090,CSK,Batsman,44,34,1,129.4,0,0,6,0,26.5,0,0,0,0,0,0,0,0,0,0,25,18,138.8888889,0,0,0,17,33,14,23,0,0,0,0,0,0
DP Conway,t20blast2021_124,CSK,WK,4,6,1,66.7,0,0,1,0,83.3,0,0,0,0,0,0,0,0,0,0,27,28,96.42857143,0,0,0,20,34,23,32,0,0,0,0,0,0
MS Dhoni,ipl2023_61,CSK,WK,2,3,0,66.7,0,0,0,0,66.7,0,0,0,0,0,0,0,0,0,0,16,14,114.2857143,0,0,0,12,20,11,16,0,0,0,0,0,0
DL Chahar,smat2021_094,CSK,Bowler,2,3,0,66.7,0,0,0,0,33.3,4,36,0,9,0,0,0,4,1,25,4,2,200,1,21,3,3,6,2,3,1,1,19,23,3,4
M Theekshana,sat20_2023_32,CSK,Bowler,0,0,0,0,0,0,0,0,0,4,29,0,7.25,0,0,0,2,1,37.5,0,1,0,1,26,3,0,0,0,1,1,2,24,29,3,4
M Pathirana,ipl2023_61,CSK,Bowler,0,0,0,0,0,0,0,0,0,3,23,0,7.67,0,0,0,1,0,61.1,0,0,0,1,28,3,1,0,1,1,1,2,21,34,2,3
SN Thakur,ipl2023_61,CSK,Bowler,0,0,0,0,0,0,0,0,0,3,15,1,5,15,18,0,1,0,44.4,2,2,100,1,33,3,1,4,1,3,1,2,30,35,3,3
RA Jadeja,ipl2023_61,CSK,AR,20,24,1,83.3,0,0,0,1,41.7,2,18,0,9,0,0,0,0,2,33.3,7,6,116.6666667,0,24,3,5,10,4,8,0,1,22,26,3,3
S Dube,smat2022_136,CSK,AR,7,9,1,77.8,0,0,1,0,55.6,2,16,1,8,16,12,0,2,0,16.7,17,15,113.3333333,1,11,2,13,22,12,18,0,1,8,14,1,2
DJ Mitchell,t20blast2021_123,CSK,AR,43,30,1,143.3,0,0,1,3,23.3,0,0,0,0,0,0,0,0,0,0,31,22,140.9090909,1,18,2,26,36,19,25,0,1,15,21,2,2
DA Warner,ipl2023_64,DC,Batsman,46,31,1,148.4,0,0,5,2,38.7,0,0,0,0,0,0,0,0,0,0,41,29,141.3793103,0,0,0,36,46,25,32,0,0,0,0,0,0
PP Shaw,smat2022_136,DC,Batsman,11,8,1,137.5,0,0,2,0,50,0,0,0,0,0,0,0,0,0,0,27,19,142.1052632,0,0,0,21,32,16,22,0,0,0,0,0,0
HC Brook,t20blast2022_131,DC,Batsman,2,4,1,50,0,0,0,0,50,0,0,0,0,0,0,0,0,0,0,12,10,120,0,0,0,7,18,7,13,0,0,0,1,0,0
RR Pant,ipl2022_69,DC,WK,39,33,1,118.2,0,0,4,1,39.4,0,0,0,0,0,0,0,0,0,0,33,24,137.5,0,0,0,28,38,21,27,0,0,0,0,0,0
A Nortje,sat20_2023_33,DC,Bowler,5,4,0,125,0,0,1,0,50,4,21,2,5.25,10.5,12,0,2,1,75,1,1,100,1,23,3,0,2,0,2,1,1,21,25,3,3
Kuldeep Yadav,smat2022_113,DC,Bowler,0,0,0,0,0,0,0,0,0,3,24,0,8,0,0,0,4,0,38.9,2,3,66.66666667,0,26,3,1,3,2,4,0,1,23,28,3,3
Mukesh Kumar,smat2021_2_100,DC,Bowler,0,0,0,0,0,0,0,0,0,4,34,1,8.5,34,24,0,4,1,37.5,0,0,0,1,15,2,1,1,1,1,0,1,9,22,2,3
KK Ahmed,smat2022_061,DC,Bowler,0,0,0,0,0,0,0,0,0,4,36,1,9,36,24,0,2,2,33.3,0,0,0,1,30,4,1,0,1,1,1,1,28,32,3,4
JA Richardson,ipl2021_11,DC,Bowler,0,0,0,0,0,0,0,0,0,4,41,2,10.25,20.5,12,0,2,3,37.5,4,3,133.3333333,2,28,3,2,6,2,5,2,2,26,31,3,4
AR Patel,ipl2023_64,DC,AR,0,0,0,0,0,0,0,0,0,3,27,1,9,27,18,0,4,0,16.7,9,7,128.5714286,1,22,3,7,12,6,9,0,1,20,24,3,3
Lalit Yadav,smat2022_135,DC,AR,0,0,0,0,0,0,0,0,0,2.5,32,1,11.29,32,17,0,2,2,17.6,6,8,75,1,21,3,2,11,4,11,0,1,17,26,2,3
MR Marsh,ipl2023_59,DC,AR,3,4,1,75,0,0,0,0,50,1,21,0,21,0,0,0,1,2,16.7,24,16,150,0,20,2,17,31,12,19,0,1,17,23,1,2
B Sai Sudharsan,tnpl2022_32,GT,Batsman,65,42,1,154.8,1,0,8,1,23.8,0,0,0,0,0,0,0,0,0,0,33,27,122.2222222,0,0,0,25,41,22,32,0,0,-1,1,1,0
DA Miller,t20blast2017_131,GT,Batsman,0,2,1,0,0,0,0,0,100,0,0,0,0,0,0,0,0,0,0,15,13,115.3846154,0,0,0,12,18,11,14,0,0,0,0,0,0
Shubman Gill,smat2022_134,GT,Batsman,45,32,1,140.6,0,0,7,1,43.8,0,0,0,0,0,0,0,0,0,0,30,23,130.4347826,0,0,0,24,35,20,27,0,0,0,0,0,0
WP Saha,smat2022_086,GT,WK,1,3,1,33.3,0,0,0,0,66.7,0,0,0,0,0,0,0,0,0,0,12,12,100,0,0,0,7,18,9,16,0,0,0,0,0,0
Mohammed Shami,ipl2023_62,GT,Bowler,0,1,1,0,0,0,0,0,100,4,21,4,5.25,5.2,6,0,1,1,54.2,4,2,200,1,26,3,3,4,2,3,1,1,24,28,3,4
MM Sharma,smat2022_128,GT,Bowler,0,0,0,0,0,0,0,0,0,4,23,1,5.75,23,24,0,2,1,62.5,1,1,100,0,14,2,1,2,1,2,0,1,11,18,2,2
Noor Ahmad,t100m2022_01,GT,Bowler,9,4,0,225,0,0,0,1,25,2.3,31,0,12.4,0,0,0,2,1,13.3,4,5,80,1,18,3,3,5,4,6,0,1,16,20,3,3
SH Johnson,bbl2022_61,GT,Bowler,0,0,0,0,0,0,0,0,0,4,37,1,9.25,37,24,0,5,0,33.3,0,0,0,1,13,1,0,0,1,0,0,1,8,18,1,1
R Tewatia,smat2022_128,GT,AR,2,3,1,66.7,0,0,0,0,33.3,2,20,0,10,0,0,0,2,0,8.3,11,8,137.5,1,15,2,8,14,6,10,0,1,13,18,2,2
Rashid Khan,t20blast2022_123,GT,AR,25,12,0,208.3,0,0,1,2,25,4,24,2,6,12,12,0,1,1,33.3,4,3,133.3333333,1,25,4,3,5,2,4,1,1,24,26,4,4
V Shankar,tnpl2021_26,GT,AR,47,40,1,117.5,0,0,3,1,25,2,22,1,11,22,12,0,1,2,41.7,21,15,140,0,14,2,17,25,12,17,0,0,11,16,1,2
M Shahrukh Khan,tnpl2022_32,GT,AR,22,17,1,129.4,0,0,2,1,35.3,0,0,0,0,0,0,0,0,0,0,18,13,138.4615385,0,2,0,15,22,11,15,0,0,0,4,0,0
